description_name,description_type
365 MARKET K 888 432-3299,Food & Drink
4TE*TOWN OF HEMPSTEAD TOW,Bills & Utilities
7-ELEVEN,Gas
808BOARDSSURFANDSKATE,Shopping
95847 - WHALERS VILLAGE,Travel
ABC #43 HAWAII,Shopping
ACCESS OPTICAL,Health & Wellness
AGIA INSURANCE TRANS,Bills & Utilities
AIR CAN,Travel
AIRALO,Shopping
ALDI FRCAV096,Shopping
ALLIANZ TRAVEL INS,Bills & Utilities
Amazon Go,Shopping
AMAZON MKTPL,Shopping
AMAZON MKTPLACE PMTS,Shopping
AMAZON PRIME,Bills & Utilities
Amazon web services,Bills & Utilities
Amazon.com,Shopping
AMERICAN AIR,Travel
AMK CITI NY HQ CAFE,Food & Drink
AMK GOLDMAN SACHS MASH,Food & Drink
AMZN Mktp US,Shopping
ANNUAL MEMBERSHIP FEE,Fees & Adjustments
APNA BAZAR FARMERS MARKET,Groceries
APPLE.COM/BILL,Shopping
ARAMARK GOLDMAN SACHS 200,Food & Drink
ARAMARK GS 200 WEST COFFE,Food & Drink
ARTISTIC NAIL,Personal
ASSIETTE PROVENCALE,Food & Drink
AU MOULIN DE MOUANS,Food & Drink
AUCHAN SUP 847,Shopping
AUSTRIAN AIR,Travel
AUTOMATIC PAYMENT - THANK,
AUTOZONE #2972,Automotive
AVENUE SOCIAL KITCHEN,Food & Drink
Avios Group AGL Limited,Travel
AVIS.COM PREPAY,Travel
BAC NYC CAFE,Food & Drink
BAGELICIOUS,Food & Drink
BELLMORE MERRICK CENTRAL,Education
BESTBUY.COM,Shopping
BMCHSD/DRIVER EDUCAT,Education
BOOTS 1008,Health & Wellness
BOSTON UNIV,Education
BOSWELLS DELI,Groceries
BOUTI NICE T1   4760675,Shopping
BP#6627814MERRICK LI SER,Gas
BRITISH A,Travel
CANTINETTA,Food & Drink
CARREFOUR CITY,Groceries
CARREFOURMARKET,Groceries
CBAZAAR.COM,Shopping
CC VENDING,Food & Drink
CHARLES J PUGLISI,Health & Wellness
CHIPOTLE,Food & Drink
Collegeboard*Profile,Education
COLLEGEBOARD*SAT ONLN.,Education
COTTON ON 1143,Shopping
CTLP*CC Vending Inc,Food & Drink
CVS/PHARMACY,Health & Wellness
DD/BR #308652 Q35,Food & Drink
DECATHLON CANNES2134073,Shopping
DELTA       0062209871904,Travel
DELTA AIR ,Travel
DOCTOR ON DEMAND,Health & Wellness
DOLLAR TREE,Shopping
DR FRANK DOLISI,Health & Wellness
DUANE READE #21437,Health & Wellness
DUNKIN,Food & Drink
DYNEFF NICE     2517987,Gas
EFFIA STMT EZE,Travel
EISEN AQUATIC CENTER,Bills & Utilities
ENTERPRISE RENT A CAR FR,Travel
ESCOTA VINCI,Travel
EXPEDIA,Travel
EXXON TOLLAND PETROLEU,Gas
E-Z*PASSNY REBILL,Travel
FARMERS MARKET MAUI,Groceries
FAST BREAK FOOD STORES,Groceries
FIVE BELOW 8025,Shopping
FIVE BELOW 8203,Shopping
FU JI SHI,Food & Drink
FUMO SOHO,Food & Drink
GEICO  *AUTO,Bills & Utilities
GERMAN DONER KEBAB,Food & Drink
GOURDI CANNES,Personal
GRACE COFFEE APP,Food & Drink
GRAND CANYON RESTAURANT,Food & Drink
GREAT WALL CHINESE KITCHE,Food & Drink
Groupon  Inc.,Personal
GUMRD.COM* MAKER TALES,Shopping
H MART JERICHO LLC,Groceries
H&amp;M0042,Shopping
HARRY'S ITALIAN,Food & Drink
HAWAIIAN AI,Travel
HLU*HULUPLUS,Bills & Utilities
HOFSTRA UNIVERSITY,Gifts & Donations
HOMEDEPOT.COM,Home
HORODATEUR NICE 2309699,Personal
HUDSON-DUNKIN ST212,Food & Drink
HYATT VC KAANAPALI BEACH,Travel
IFTTT PRO+,Shopping
IN *PAMELA BANKS DO,Health & Wellness
INDIGO0060004   2978536,Travel
JANG ALOHA RELAXING CENTE,Health & Wellness
JERSEY MIKES,Food & Drink
JETBLUE,Travel
JOEY`S KITCHEN,Food & Drink
KENKO ASIAN CUISINE,Food & Drink
KIOSQUE 13      4774116,Personal
LA CANTINA,Food & Drink
LA MELA RISTORANTE,Food & Drink
LA SALAMANDRE,Home
LA STRADA,Food & Drink
LE PATTAYA      4655076,Food & Drink
LIDL,Groceries
LONGS,Health & Wellness
LOWES,Home
LULULEMONCOM,Shopping
M &amp; C SERVICE,Automotive
M C SERVICE,Automotive
MAHARAJA FARMERS MARKET,Groceries
MARSHALLS,Shopping
MAUI RESOR* R3001-5237,Travel
MERRICK A.J. MARKET,Groceries
MERRICK PEDIATRIC DENT,Health & Wellness
MICRO CENTER,Shopping
Microsoft*Microsoft 365 F,Shopping
MIDI HEALTH PC,Health & Wellness
MONACO CLASSIC R2118779,Travel
MONKEYPOD KAANAPALI,Food & Drink
MOUNT PETER - ECOMM,Entertainment
MOUNT PETER SKI AREA,Entertainment
MTA*LIRR ETIX TICKET,Travel
MTA*NYCT PAYGO,Travel
NETFLIX.COM,Bills & Utilities
NEW HOT BREADS,Food & Drink
NEW YORK DELI JFK,Food & Drink
NEW YORK STATE DMV,Bills & Utilities
NIKKIS PIZZA,Food & Drink
NOVOTEL CANNES,Travel
OLD NAVY US 3444,Shopping
OUTBACK 3302,Food & Drink
Paisly*9073779206188,Travel
PARKINGS MONACO,Personal
PATS FARM,Groceries
PAT'S FARM,Groceries
Payment Thank You-Mobile,
PAYPAL *JCPENNEY.CO,Shopping
PAYPAL *TELADOC INC,Professional Services
PAYPAL *VIATOR-TRIP,Travel
Pepite Restaurant,Food & Drink
PETIT CASINO,Groceries
PINO`S PIZZA,Food & Drink
PLAYSTATION NETWORK,Shopping
PRET A MANGER 134,Food & Drink
PRIMARK ROOSEVELT FIELD 1,Shopping
Prime Video *Z72DF83K0,Shopping
PY *BELLMORE-MERRICK CHSD,Education
PY *New Wave Sports Outfi,Professional Services
PY *THE FRENCH WORKSHOP,Food & Drink
RAISING CANES 0987,Food & Drink
RAMEN DANBO WEST VILLAGE,Food & Drink
REDWEEK.COM,Professional Services
RENT MY BOAT,Home
RING BASIC PLAN,Shopping
ROLLERS,Shopping
ROMA PIZZA,Food & Drink
ROSE PIZZA,Food & Drink
ROYAL FOOD SAM,Food & Drink
SAFEWAY #1222,Groceries
SAFEWAY FUEL #5807,Gas
SC AUX PAINS DU,Food & Drink
SHEIN.COM,Shopping
SHERATON MAUI CLIFF DIVE,Food & Drink
SHOPRITE OF UNIONDL S1,Groceries
SPALATO,Food & Drink
Spotify,Bills & Utilities
Spotify USA,Bills & Utilities
SQ *IPPUDO V,Food & Drink
SQ *MOUNT PETER SKI AREA,Entertainment
SQ *NY AXE WESTBURY,Entertainment
SQ *THE BAGEL PLACE,Food & Drink
STARBUCKS,Food & Drink
STEWLEONARD,Groceries
STOP& SHOP,Groceries
SUKOFF ORTHODONTICS,Health & Wellness
SUPER FOODTOWN,Groceries
SUPER U         9231417,Groceries
TAKA,Food & Drink
TARGET        00011395,Shopping
TESLA,Bills & Utilities
TESLA SUBSCRIPTION US,Bills & Utilities
THAI STATION RESTAURANT,Food & Drink
The Childrens Place,Shopping
THE FRENCH WORKSHOP,Food & Drink
THE HAIR BAR AND MAKEUP L,Personal
THE HOME DEPOT 1206,Home
THE HOME DEPOT 8465,Home
TIMES SUPER MARKET #24,Groceries
TRADER JOE S,Groceries
TRIBECA FINEST MARKET GRO,Groceries
TST* DOUGHNUT PLANT - GRA,Food & Drink
TST* GALLERIA PIZZA,Food & Drink
TST* GIGINO TRATTORIA,Food & Drink
TST* ISLAND VINTAGE COFFE,Food & Drink
TST* PARIS BAGUETTE - 145,Food & Drink
TST* RANDOLPH BEER - DUMB,Food & Drink
TST* TAIM - PLAINVIEW NY,Food & Drink
TST* WILDFLOWER - SKY HAR,Food & Drink
TST*DOUGHNUT PLANT - GRA,Food & Drink
TST*FRIEDMANS - 235 MUR,Food & Drink
UBER   *TRIP,Travel
UBER   TRIP,Travel
ULTA #544,Shopping
UMBERTOS OF BELLMORE,Food & Drink
Venchi,Food & Drink
VUDU.COM,Bills & Utilities
VUDU.COM FANDANGO,Bills & Utilities
Wagamama USA LLC,Food & Drink
WAL-MART,Shopping
WALMART.COM,Shopping
WH Smith Heathrow T5,Shopping
Whole Foods,Groceries
WHOLEFDS BPK #10578,Groceries
WHOLEFDS TRB 10245,Groceries
WILD GINGER,Food & Drink
WINDSOR FASHIONS #315,Shopping
WINES BEERS,Food & Drink
ZEN GARDEN,Food & Drink
ZSK*ZIPS DIWAN POS,Food & Drink
